,cor,pvalue
kegg_primary_immunodeficiency,0.722965831439046,2.92082338575828e-60
kegg_chemokine_signaling_pathway,0.646348172198443,1.49551714208329e-44
kegg_cytokine_cytokine_receptor_interaction,0.611560705361081,8.14145874959477e-39
